{
  "agent": "workflow_swarm",
  "response_times": [
    1.2943248251915282,
    1.0695305117008418,
    0.6602970333879823
  ],
  "success_rate": 96.62338287895082,
  "avg_response_time": 1.0080507900934508
}