{
  "agent": "workflow_parallel",
  "response_times": [
    0.6836829993838459,
    1.5509736448996938,
    1.8210862676368373
  ],
  "success_rate": 95.49951210641831,
  "avg_response_time": 1.351914303973459
}