{
  "agent": "streamlit_mcp_rag_agent",
  "response_times": [
    1.929425757079599,
    1.8279674262094865,
    0.5937796147906944
  ],
  "success_rate": 75.17340981011162,
  "avg_response_time": 1.45039093269326
}