{
  "agent": "mcp_agent_server",
  "response_times": [
    1.8472110718606267,
    1.7624091249302238,
    0.8236666224225895
  ],
  "success_rate": 83.96306772485784,
  "avg_response_time": 1.4777622730711466
}