{
  "agent": "workflow_evaluator_optimizer",
  "response_times": [
    1.791885409094091,
    1.1457249856355332,
    1.3146561575254339
  ],
  "success_rate": 93.45248363134763,
  "avg_response_time": 1.4174221840850194
}