{
  "agent": "mcp_basic_bedrock_agent",
  "response_times": [
    0.6462706036144985,
    1.380353286329375,
    0.7082235579687285
  ],
  "success_rate": 88.51427575329926,
  "avg_response_time": 0.9116158159708673
}