{
  "agent": "mcp_root_test",
  "response_times": [
    0.5647923108083779,
    1.5570714146190103,
    0.7013314140712628
  ],
  "success_rate": 92.60961206847858,
  "avg_response_time": 0.9410650464995504
}