{
  "agent": "mcp_model_selector",
  "response_times": [
    1.575918213705721,
    1.2765073724600402,
    1.3154678655588008
  ],
  "success_rate": 93.71310722740446,
  "avg_response_time": 1.3892978172415207
}