{
  "agent": "streamlit_mcp_basic_agent",
  "response_times": [
    0.7267644662772774,
    1.614622213460845,
    1.1840732881841096
  ],
  "success_rate": 95.74270599214783,
  "avg_response_time": 1.175153322640744
}