{
  "agent": "mcp_hello_world",
  "response_times": [
    1.2167257274085914,
    1.0183525901065844,
    1.8466895517175363
  ],
  "success_rate": 80.5068036040314,
  "avg_response_time": 1.3605892897442373
}