{
  "agent": "mcp_hello_world",
  "response_times": [
    1.8436040734690071,
    1.682024724532411,
    1.444209324941605
  ],
  "success_rate": 76.8794196118676,
  "avg_response_time": 1.6566127076476744
}