{
  "agent": "mcp_basic_google_agent",
  "response_times": [
    1.023740859232505,
    0.6985548315778503,
    0.654837758334631
  ],
  "success_rate": 86.08180320370442,
  "avg_response_time": 0.792377816381662
}