{
  "agent": "mcp_basic_google_agent",
  "response_times": [
    0.515710163449451,
    1.3804626201591508,
    0.7029462093720211
  ],
  "success_rate": 70.07589973935791,
  "avg_response_time": 0.8663729976602076
}