{
  "agent": "mcp_basic_agent",
  "response_times": [
    1.8141024119552254,
    1.9546432934666242,
    0.9135951435479985
  ],
  "success_rate": 88.93416458872416,
  "avg_response_time": 1.5607802829899493
}