{
  "agent": "mcp_researcher",
  "response_times": [
    0.9846984546239358,
    1.559497207983529,
    1.8675101822012938
  ],
  "success_rate": 79.16692408151826,
  "avg_response_time": 1.470568614936253
}